Method,Accuracy(%),Sensitivity(%),Specificity(%),AUC,Corr
SVM,0.89,1.0,0.67,0.98,0.8518907562006697
LR,0.89,1.0,0.67,0.98,0.8407200161412536
KNN,0.83,1.0,0.5,0.99,0.844740873926234
MLP,0.86,0.96,0.67,0.95,0.8143191015329864
LeNet,0.97,1.0,0.92,1.0,0.9370883614881297
